Gravity_g,HyperCook,LeanBroth,EverSimmer
0.1,308.369574436005,163.159779188099,189.559129067027
0.25,308.369574436005,189.583840950011,221.878477324541
0.5,308.369574436005,196.924674217998,231.018855463101
1,308.369574436005,196.847674091333,231.899158858851
2,308.369574436005,197.416037651082,233.957987579224
4,308.369574436005,170.732125846768,231.897236616317
8,290.021454035616,144.280209992143,224.309641780159
12,271.007072037778,99.7408970408219,200.943133155403
