Row,Balanced,ThroughputFirst,CostLean,MissionAssurance
HyperCook,0.342105263157895,0.467105263157895,0.196052631578947,0.242105263157895
LeanBroth,0.347326116156049,0.297326116156049,0.614884077437366,0.312210193593416
EverSimmer,0.682085244260174,0.602124363773896,0.5248843490386,0.818544756146306
