RateMultiplier,HyperCook,LeanBroth,EverSimmer
1,29.9733714475369,119.994657609863,59.9972136543802
0.8,30.5100110422027,196.569610614592,86.1394421785371
0.6,1547.66582136196,1434.33425924708,1275.73512917647
0.4,3312.34217203824,2921.75491321508,2697.94293994846
