RateMultiplier,HyperCook,LeanBroth,EverSimmer
1,29.9728192112361,119.994657609863,59.9972136543802
0.8,30.5094279744753,196.569610614592,86.1394421785371
0.6,1547.66548028871,1434.33425924708,1275.73512917647
0.4,3312.34226607144,2921.75491321508,2697.94293994846
