Rocket_Load_bowls,HyperCook,LeanBroth,EverSimmer
40,580.640157286896,900.420066205044,696.383255192415
60,808.13311961896,1241.4602118164,1085.96318285496
80,1039.34029346108,1568.76394311923,1389.10176454317
120,1497.77709210138,2227.12811670296,1965.89210167078
