Variant,SimThroughput_bph,TimeToFirstOut_s,Energy_kWh_per_bowl,MeanPower_kW,PeakPower_kW,SimRetention,WorstFault,FaultEndMode
HyperCook,308.369604701756,119,1.55441173846211,479.333333333347,479.333333333331,7.71321048019923e-55,InlineQCScanner (serial single-string),1
LeanBroth,196.789905614907,3443.81688003152,0.814383743410159,160.260935981114,239,1.84493278307533e-42,PrepWorkstation (serial single-string),1
EverSimmer,231.900008574849,3439,1.2116141567224,280.971392862103,363,0.672454363951697,ProductionCell1 (one of three cells),2
