Variant,SimThroughput_bph,TimeToFirstOut_s,Energy_kWh_per_bowl,MeanPower_kW,PeakPower_kW,SimRetention,WorstFault
HyperCook,308.115706955492,150,1.55569262622035,479.333333333347,479.333333333331,1.99038447696896e-49,ConveyorNetwork (serial single-string)
LeanBroth,196.551296809202,3563.81688003155,0.815308790130034,160.248437716984,239,1.37695055110484e-41,PrepWorkstation (serial single-string)
EverSimmer,231.896600438494,3500,1.21163196356497,280.971392862103,363,0.673269927656841,ProductionCell1 (one of three cells)
