Incidence,HyperCook_sens,HyperCook_bph,LeanBroth_sens,LeanBroth_bph,EverSimmer_sens,EverSimmer_bph
0.005,0.995,306.833268077722,0.995,196.080312483387,0.995,230.750857522238
0.01,0.995,305.378058513459,0.995,195.31446794954,0.995,229.594072010635
0.02,0.995,302.311320576619,0.995,193.788376870516,0.995,227.286109467003
0.05,0.995,293.111372427214,0.995,187.885012748121,0.995,220.367513791167
