Variant,Endurance_h,StorageCap_bowls,Required_bowls,RequiredMass_kg
HyperCook,6.40722222222222,2000,22204.8,12212.64
LeanBroth,4.66055555555556,800,14169.6,7793.28
EverSimmer,5.44361111111111,1200,16696.8,9183.24
