Gravity_g,HyperCook,LeanBroth,EverSimmer
0.1,308.369604701756,163.158352882936,189.274616768301
0.25,308.369604701756,189.420303916444,221.251609827953
0.5,308.369604701756,196.866119274609,231.128986204984
1,308.369604701756,196.789905614907,231.900008574849
2,308.369604701756,197.361005832407,233.959263157019
4,308.369604701756,170.668882036111,231.8981976583
8,290.0215150385,144.370782921977,224.230028452313
12,271.007119616644,99.6914637491662,200.940648079602
