Flush_s,HyperCook_bph,DistinctRecipes
0,308.369574436005,8
60,298.712377665857,8
120,289.014353826557,8
300,259.039236462609,8
