Row,Balanced,ThroughputFirst,CostLean,MissionAssurance
HyperCook,0.342105263157895,0.467105263157895,0.196052631578947,0.242105263157895
LeanBroth,0.347326116156049,0.297326116156049,0.614884077437366,0.312210193593416
IronLadle,0.670809843715026,0.58476805872065,0.513922384732749,0.812465361417952
