Variant,PComply,MedianThr_bph,P5Thr_bph,P95Thr_bph,WinShare
HyperCook,1,304.019677849022,298.075036712509,309.136522147525,0.0164
LeanBroth,0.04,193.139720201668,185.512629875081,199.734331345947,0.0056
EverSimmer,1,228.637473767722,222.608147998003,233.220626194382,0.978
