Variant,Model,Mass_kg,Power_kW,Cost_kCredits,Volume_m3,OperatorsRequired,AutomationAvg,GravityMin,LeafCount,Throughput_bph,Availability,N1Retention,Static_Throughput_bph,Static_N1Retention,BehavioralSource,Energy_kWh_per_bowl,TimeToFirstOut_s,OK_Mass,OK_Power,OK_Cost,OK_Volume,OK_Throughput,OK_Automation,OK_Operators,OK_Gravity,Compliant,Margin_Mass,Margin_Power,Margin_Cost,Margin_Volume,Margin_Throughput
HyperCook,PhysicalHyperCook,14827.5,498,2061.2,417.3,3.8,0.943684210526316,12,19,308.369574436005,0.959130683130783,7.84050535243649e-55,320,0,1,1.55441189102398,119,1,1,0,0,1,1,1,1,0,0.0115,0.004,-0.0306,-0.04325,0.541847872180026
LeanBroth,PhysicalLeanBroth,7907.5,239,1124,253.5,4.9,0.8,12,16,196.847674091333,0.971977962648757,1.75374002179837e-42,210,0,1,0.813382737383583,3440.81688003152,1,1,1,1,0,1,1,1,0,0.472833333333333,0.522,0.438,0.36625,-0.0157616295433346
EverSimmer,PhysicalEverSimmer,11510,363,1967.4,312.6,2.7,0.956,12,25,231.899158858851,0.978931040977244,0.672627864250803,240,0.666666666666667,1,1.21092864120415,3436,1,1,1,1,1,1,1,1,1,0.232666666666667,0.274,0.0163,0.2185,0.159495794294256
