Variant,Model,Mass_kg,Power_kW,Cost_kCredits,Volume_m3,OperatorsRequired,AutomationAvg,GravityMin,LeafCount,Throughput_bph,Availability,N1Retention,Static_Throughput_bph,Static_N1Retention,BehavioralSource,Energy_kWh_per_bowl,TimeToFirstOut_s,OK_Mass,OK_Power,OK_Cost,OK_Volume,OK_Throughput,OK_Automation,OK_Operators,OK_Gravity,Compliant,Margin_Mass,Margin_Power,Margin_Cost,Margin_Volume,Margin_Throughput
HyperCook,PhysicalHyperCook,14320,498,1980,397,3.8,0.943684210526316,12,19,308.369604701756,0.959130683130783,7.71321048019923e-55,320,0,1,1.55441173846211,119,1,1,1,1,1,1,1,1,1,0.0453333333333333,0.004,0.01,0.00749999999999995,0.541848023508778
LeanBroth,PhysicalLeanBroth,7570,239,1070,240,4.9,0.8,12,16,196.789905614907,0.971977962648757,1.84493278307533e-42,210,0,1,0.814383743410159,3443.81688003152,1,1,1,1,0,1,1,1,0,0.495333333333333,0.522,0.465,0.4,-0.0160504719254644
EverSimmer,PhysicalEverSimmer,11120,363,1905,297,2.7,0.956,12,25,231.900008574849,0.978931040977244,0.672454363951697,240,0.666666666666667,1,1.2116141567224,3439,1,1,1,1,1,1,1,1,1,0.258666666666667,0.274,0.0475,0.2575,0.159500042874246
